"標準地域コード","都道府県","政令市･郡･支庁･振興局等","政令市･郡･支庁･振興局等（ふりがな）","市区町村","市区町村（ふりがな）","廃置分合等施行年月日","廃置分合等情報有無"
"01100","北海道","札幌市","さっぽろし","","","1973-12-01","有"
"01202","北海道","","","函館市","はこだてし","2005-10-01","有"
"01203","北海道","","","小樽市","おたるし","1990-06-01","有"
"01204","北海道","","","旭川市","あさひかわし","2000-04-01","有"
"01205","北海道","","","室蘭市","むろらんし","1980-06-01","有"
"01206","北海道","","","釧路市","くしろし","2005-10-11","有"
"01207","北海道","","","帯広市","おびひろし","",""
"01208","北海道","","","北見市","きたみし","2006-03-05","有"
"01209","北海道","","","夕張市","ゆうばりし","",""
"01210","北海道","","","岩見沢市","いわみざわし","2006-03-27","有"
"01211","北海道","","","網走市","あばしりし","",""
"01212","北海道","","","留萌市","るもいし","",""
"01213","北海道","","","苫小牧市","とまこまいし","",""
"01214","北海道","","","稚内市","わっかないし","",""
"01215","北海道","","","美唄市","びばいし","",""
"01216","北海道","","","芦別市","あしべつし","",""
"01217","北海道","","","江別市","えべつし","",""
"01218","北海道","","","赤平市","あかびらし","",""
"01219","北海道","","","紋別市","もんべつし","",""
"01220","北海道","","","士別市","しべつし","2005-09-01","有"
"01221","北海道","","","名寄市","なよろし","2006-03-27","有"
"01222","北海道","","","三笠市","みかさし","",""
"01223","北海道","","","根室市","ねむろし","",""
"01224","北海道","","","千歳市","ちとせし","1985-02-15","有"
"01225","北海道","","","滝川市","たきかわし","1975-04-01","有"
"01226","北海道","","","砂川市","すながわし","1988-09-01","有"
"01227","北海道","","","歌志内市","うたしないし","",""
"01228","北海道","","","深川市","ふかがわし","",""
"01229","北海道","","","富良野市","ふらのし","",""
"01230","北海道","","","登別市","のぼりべつし","1980-06-01","有"
"01231","北海道","","","恵庭市","えにわし","1986-03-01","有"
"01233","北海道","","","伊達市","だてし","2006-03-01","有"
"01234","北海道","","","北広島市","きたひろしまし","1996-09-01","有"
"01235","北海道","","","石狩市","いしかりし","2005-10-01","有"
"01236","北海道","","","北斗市","ほくとし","2021-03-10","有"
"02201","青森県","","","青森市","あおもりし","2007-09-01","有"
"02202","青森県","","","弘前市","ひろさきし","2006-02-27","有"
"02203","青森県","","","八戸市","はちのへし","2017-01-01","有"
"02204","青森県","","","黒石市","くろいしし","1980-09-01","有"
"02205","青森県","","","五所川原市","ごしょがわらし","2005-12-01","有"
"02206","青森県","","","十和田市","とわだし","2008-12-25","有"
"02207","青森県","","","三沢市","みさわし","",""
"02208","青森県","","","むつ市","むつし","2005-03-14","有"
"02209","青森県","","","つがる市","つがるし","2005-02-11","有"
"02210","青森県","","","平川市","ひらかわし","2006-01-01","有"
"03201","岩手県","","","盛岡市","もりおかし","2008-04-01","有"
"03202","岩手県","","","宮古市","みやこし","2010-01-01","有"
"03203","岩手県","","","大船渡市","おおふなとし","2001-11-15","有"
"03205","岩手県","","","花巻市","はなまきし","2013-04-01","有"
"03206","岩手県","","","北上市","きたかみし","2013-04-01","有"
"03207","岩手県","","","久慈市","くじし","2006-03-06","有"
"03208","岩手県","","","遠野市","とおのし","2005-10-01","有"
"03209","岩手県","","","一関市","いちのせきし","2017-09-04","有"
"03210","岩手県","","","陸前高田市","りくぜんたかたし","",""
"03211","岩手県","","","釜石市","かまいしし","",""
"03213","岩手県","","","二戸市","にのへし","2006-01-01","有"
"03214","岩手県","","","八幡平市","はちまんたいし","2005-09-01","有"
"03215","岩手県","","","奥州市","おうしゅうし","2009-07-01","有"
"03216","岩手県","","","滝沢市","たきざわし","2014-01-01","有"
"04100","宮城県","仙台市","せんだいし","","","2024-01-31","有"
"04202","宮城県","","","石巻市","いしのまきし","2019-02-01","有"
"04203","宮城県","","","塩竈市","しおがまし","1996-01-24","有"
"04205","宮城県","","","気仙沼市","けせんぬまし","2009-09-01","有"
"04206","宮城県","","","白石市","しろいしし","1980-03-01","有"
"04207","宮城県","","","名取市","なとりし","2020-04-01","有"
"04208","宮城県","","","角田市","かくだし","",""
"04209","宮城県","","","多賀城市","たがじょうし","2013-07-01","有"
"04211","宮城県","","","岩沼市","いわぬまし","2020-04-01","有"
"04212","宮城県","","","登米市","とめし","2023-05-31","有"
"04213","宮城県","","","栗原市","くりはらし","2023-05-31","有"
"04214","宮城県","","","東松島市","ひがしまつしまし","2020-02-01","有"
"04215","宮城県","","","大崎市","おおさきし","2019-02-01","有"
"04216","宮城県","","","富谷市","とみやし","2016-10-10","有"
"05201","秋田県","","","秋田市","あきたし","2005-01-11","有"
"05202","秋田県","","","能代市","のしろし","2008-03-05","有"
"05203","秋田県","","","横手市","よこてし","2006-09-01","有"
"05204","秋田県","","","大館市","おおだてし","2005-06-20","有"
"05206","秋田県","","","男鹿市","おがし","2005-03-22","有"
"05207","秋田県","","","湯沢市","ゆざわし","2005-03-22","有"
"05209","秋田県","","","鹿角市","かづのし","1998-06-01","有"
"05210","秋田県","","","由利本荘市","ゆりほんじょうし","2005-03-22","有"
"05211","秋田県","","","潟上市","かたがみし","2005-03-22","有"
"05212","秋田県","","","大仙市","だいせんし","2025-05-10","有"
"05213","秋田県","","","北秋田市","きたあきたし","2005-03-22","有"
"05214","秋田県","","","にかほ市","にかほし","2005-10-01","有"
"05215","秋田県","","","仙北市","せんぼくし","2005-09-20","有"
"06201","山形県","","","山形市","やまがたし","2019-04-01","有"
"06202","山形県","","","米沢市","よねざわし","2007-01-25","有"
"06203","山形県","","","鶴岡市","つるおかし","2018-01-31","有"
"06204","山形県","","","酒田市","さかたし","2018-01-31","有"
"06205","山形県","","","新庄市","しんじょうし","2005-02-18","有"
"06206","山形県","","","寒河江市","さがえし","1990-11-28","有"
"06207","山形県","","","上山市","かみのやまし","2012-02-01","有"
"06208","山形県","","","村山市","むらやまし","1990-02-09","有"
"06209","山形県","","","長井市","ながいし","2011-02-16","有"
"06210","山形県","","","天童市","てんどうし","2021-01-20","有"
"06211","山形県","","","東根市","ひがしねし","2001-11-06","有"
"06212","山形県","","","尾花沢市","おばなざわし","1988-05-01","有"
"06213","山形県","","","南陽市","なんようし","1989-12-25","有"
"07201","福島県","","","福島市","ふくしまし","2018-04-01","有"
"07202","福島県","","","会津若松市","あいづわかまつし","2005-11-01","有"
"07203","福島県","","","郡山市","こおりやまし","1999-09-21","有"
"07204","福島県","","","いわき市","いわきし","1999-04-01","有"
"07205","福島県","","","白河市","しらかわし","2005-11-07","有"
"07207","福島県","","","須賀川市","すかがわし","2005-04-01","有"
"07208","福島県","","","喜多方市","きたかたし","2022-03-01","有"
"07209","福島県","","","相馬市","そうまし","2022-09-28","有"
"07210","福島県","","","二本松市","にほんまつし","2005-12-01","有"
"07211","福島県","","","田村市","たむらし","2005-03-01","有"
"07212","福島県","","","南相馬市","みなみそうまし","2022-09-28","有"
"07213","福島県","","","伊達市","だてし","2006-01-01","有"
"07214","福島県","","","本宮市","もとみやし","2007-01-01","有"
"08201","茨城県","","","水戸市","みとし","2020-04-01","有"
"08202","茨城県","","","日立市","ひたちし","2004-11-01","有"
"08203","茨城県","","","土浦市","つちうらし","2023-01-01","有"
"08204","茨城県","","","古河市","こがし","2005-09-12","有"
"08205","茨城県","","","石岡市","いしおかし","2009-03-10","有"
"08207","茨城県","","","結城市","ゆうきし","1998-07-01","有"
"08208","茨城県","","","龍ケ崎市","りゅうがさきし","2019-07-01","有"
"08210","茨城県","","","下妻市","しもつまし","2020-07-01","有"
"08211","茨城県","","","常総市","じょうそうし","2006-01-01","有"
"08212","茨城県","","","常陸太田市","ひたちおおたし","2004-12-01","有"
"08214","茨城県","","","高萩市","たかはぎし","1998-10-01","有"
"08215","茨城県","","","北茨城市","きたいばらきし","1998-10-01","有"
"08216","茨城県","","","笠間市","かさまし","2006-03-19","有"
"08217","茨城県","","","取手市","とりでし","2005-03-28","有"
"08219","茨城県","","","牛久市","うしくし","2006-12-20","有"
"08220","茨城県","","","つくば市","つくばし","2007-04-01","有"
"08221","茨城県","","","ひたちなか市","ひたちなかし","1997-03-27","有"
"08222","茨城県","","","鹿嶋市","かしまし","2009-03-10","有"
"08223","茨城県","","","潮来市","いたこし","2009-03-10","有"
"08224","茨城県","","","守谷市","もりやし","2002-02-02","有"
"08225","茨城県","","","常陸大宮市","ひたちおおみやし","2004-10-16","有"
"08226","茨城県","","","那珂市","なかし","2005-01-21","有"
"08227","茨城県","","","筑西市","ちくせいし","2020-07-01","有"
"08228","茨城県","","","坂東市","ばんどうし","2005-03-22","有"
"08229","茨城県","","","稲敷市","いなしきし","2009-03-10","有"
"08230","茨城県","","","かすみがうら市","かすみがうらし","2023-01-01","有"
"08231","茨城県","","","桜川市","さくらがわし","2012-09-01","有"
"08232","茨城県","","","神栖市","かみすし","2005-08-01","有"
"08233","茨城県","","","行方市","なめがたし","2009-03-10","有"
"08234","茨城県","","","鉾田市","ほこたし","2009-03-10","有"
"08235","茨城県","","","つくばみらい市","つくばみらいし","2006-03-27","有"
"08236","茨城県","","","小美玉市","おみたまし","2009-03-10","有"
"09201","栃木県","","","宇都宮市","うつのみやし","2023-07-01","有"
"09202","栃木県","","","足利市","あしかがし","1988-06-01","有"
"09203","栃木県","","","栃木市","とちぎし","2014-04-05","有"
"09204","栃木県","","","佐野市","さのし","2005-02-28","有"
"09205","栃木県","","","鹿沼市","かぬまし","2012-08-01","有"
"09206","栃木県","","","日光市","にっこうし","2023-07-01","有"
"09208","栃木県","","","小山市","おやまし","2019-02-01","有"
"09209","栃木県","","","真岡市","もおかし","2013-02-01","有"
"09210","栃木県","","","大田原市","おおたわらし","2009-08-01","有"
"09211","栃木県","","","矢板市","やいたし","2022-07-01","有"
"09213","栃木県","","","那須塩原市","なすしおばらし","2005-01-01","有"
"09214","栃木県","","","さくら市","さくらし","2012-08-01","有"
"09215","栃木県","","","那須烏山市","なすからすやまし","2012-08-01","有"
"09216","栃木県","","","下野市","しもつけし","2015-02-01","有"
"10201","群馬県","","","前橋市","まえばしし","2009-05-05","有"
"10202","群馬県","","","高崎市","たかさきし","2011-04-01","有"
"10203","群馬県","","","桐生市","きりゅうし","2005-06-13","有"
"10204","群馬県","","","伊勢崎市","いせさきし","2007-04-01","有"
"10205","群馬県","","","太田市","おおたし","2010-03-01","有"
"10206","群馬県","","","沼田市","ぬまたし","2006-12-01","有"
"10207","群馬県","","","館林市","たてばやしし","1982-06-01","有"
"10208","群馬県","","","渋川市","しぶかわし","2006-02-20","有"
"10209","群馬県","","","藤岡市","ふじおかし","2006-01-01","有"
"10210","群馬県","","","富岡市","とみおかし","2020-05-01","有"
"10211","群馬県","","","安中市","あんなかし","2020-05-01","有"
"10212","群馬県","","","みどり市","みどりし","2006-03-27","有"
"11100","埼玉県","さいたま市","さいたまし","","","2005-04-01","有"
"11201","埼玉県","","","川越市","かわごえし","2003-04-01","有"
"11202","埼玉県","","","熊谷市","くまがやし","2023-10-01","有"
"11203","埼玉県","","","川口市","かわぐちし","2018-04-01","有"
"11206","埼玉県","","","行田市","ぎょうだし","2026-02-01","有"
"11207","埼玉県","","","秩父市","ちちぶし","2005-04-01","有"
"11208","埼玉県","","","所沢市","ところざわし","2002-04-01","有"
"11209","埼玉県","","","飯能市","はんのうし","2005-01-01","有"
"11210","埼玉県","","","加須市","かぞし","2010-03-23","有"
"11211","埼玉県","","","本庄市","ほんじょうし","2006-01-10","有"
"11212","埼玉県","","","東松山市","ひがしまつやまし","1993-12-01","有"
"11214","埼玉県","","","春日部市","かすかべし","2008-04-01","有"
"11215","埼玉県","","","狭山市","さやまし","1994-03-01","有"
"11216","埼玉県","","","羽生市","はにゅうし","1999-06-01","有"
"11217","埼玉県","","","鴻巣市","こうのすし","2026-02-01","有"
"11218","埼玉県","","","深谷市","ふかやし","2010-03-01","有"
"11219","埼玉県","","","上尾市","あげおし","1997-04-01","有"
"11221","埼玉県","","","草加市","そうかし","2004-04-01","有"
"11222","埼玉県","","","越谷市","こしがやし","2015-04-01","有"
"11223","埼玉県","","","蕨市","わらびし","",""
"11224","埼玉県","","","戸田市","とだし","",""
"11225","埼玉県","","","入間市","いるまし","1983-04-01","有"
"11227","埼玉県","","","朝霞市","あさかし","1990-08-01","有"
"11228","埼玉県","","","志木市","しきし","1990-08-01","有"
"11229","埼玉県","","","和光市","わこうし","1970-10-31","有"
"11230","埼玉県","","","新座市","にいざし","1970-11-01","有"
"11231","埼玉県","","","桶川市","おけがわし","1989-05-01","有"
"11232","埼玉県","","","久喜市","くきし","2010-03-23","有"
"11233","埼玉県","","","北本市","きたもとし","1971-11-03","有"
"11234","埼玉県","","","八潮市","やしおし","1979-04-01","有"
"11235","埼玉県","","","富士見市","ふじみし","1974-06-01","有"
"11237","埼玉県","","","三郷市","みさとし","1972-05-03","有"
"11238","埼玉県","","","蓮田市","はすだし","2011-01-04","有"
"11239","埼玉県","","","坂戸市","さかどし","2001-09-01","有"
"11240","埼玉県","","","幸手市","さってし","1997-12-01","有"
"11241","埼玉県","","","鶴ヶ島市","つるがしまし","1991-09-01","有"
"11242","埼玉県","","","日高市","ひだかし","1991-10-01","有"
"11243","埼玉県","","","吉川市","よしかわし","1997-11-01","有"
"11245","埼玉県","","","ふじみ野市","ふじみのし","2005-10-01","有"
"11246","埼玉県","","","白岡市","しらおかし","2012-10-01","有"
"12100","千葉県","千葉市","ちばし","","","2006-12-01","有"
"12202","千葉県","","","銚子市","ちょうしし","2004-06-01","有"
"12203","千葉県","","","市川市","いちかわし","",""
"12204","千葉県","","","船橋市","ふなばしし","2003-04-01","有"
"12205","千葉県","","","館山市","たてやまし","1975-07-01","有"
"12206","千葉県","","","木更津市","きさらづし","2025-01-20","有"
"12207","千葉県","","","松戸市","まつどし","1999-10-01","有"
"12208","千葉県","","","野田市","のだし","2003-06-06","有"
"12210","千葉県","","","茂原市","もばらし","2012-01-01","有"
"12211","千葉県","","","成田市","なりたし","2006-03-27","有"
"12212","千葉県","","","佐倉市","さくらし","1999-10-01","有"
"12213","千葉県","","","東金市","とうがねし","1993-10-01","有"
"12215","千葉県","","","旭市","あさひし","2022-10-14","有"
"12216","千葉県","","","習志野市","ならしのし","1981-05-01","有"
"12217","千葉県","","","柏市","かしわし","2008-04-01","有"
"12218","千葉県","","","勝浦市","かつうらし","2003-01-01","有"
"12219","千葉県","","","市原市","いちはらし","1995-10-01","有"
"12220","千葉県","","","流山市","ながれやまし","1990-12-01","有"
"12221","千葉県","","","八千代市","やちよし","2012-01-01","有"
"12222","千葉県","","","我孫子市","あびこし","1996-04-01","有"
"12223","千葉県","","","鴨川市","かもがわし","2005-02-11","有"
"12224","千葉県","","","鎌ケ谷市","かまがやし","1971-09-01","有"
"12225","千葉県","","","君津市","きみつし","2003-10-01","有"
"12226","千葉県","","","富津市","ふっつし","1971-09-01","有"
"12227","千葉県","","","浦安市","うらやすし","1981-04-01","有"
"12228","千葉県","","","四街道市","よつかいどうし","2006-12-01","有"
"12229","千葉県","","","袖ケ浦市","そでがうらし","2025-01-20","有"
"12230","千葉県","","","八街市","やちまたし","1992-04-01","有"
"12231","千葉県","","","印西市","いんざいし","2012-01-01","有"
"12232","千葉県","","","白井市","しろいし","2002-01-01","有"
"12233","千葉県","","","富里市","とみさとし","2004-01-01","有"
"12234","千葉県","","","南房総市","みなみぼうそうし","2006-03-20","有"
"12235","千葉県","","","匝瑳市","そうさし","2022-10-14","有"
"12236","千葉県","","","香取市","かとりし","2006-03-27","有"
"12237","千葉県","","","山武市","さんむし","2006-03-27","有"
"12238","千葉県","","","いすみ市","いすみし","2005-12-05","有"
"12239","千葉県","","","大網白里市","おおあみしらさとし","2013-01-01","有"
"13100","東京都","","","特別区部","とくべつくぶ","",""
"13201","東京都","","","八王子市","はちおうじし","2015-04-01","有"
"13202","東京都","","","立川市","たちかわし","1973-04-01","有"
"13203","東京都","","","武蔵野市","むさしのし","",""
"13204","東京都","","","三鷹市","みたかし","",""
"13205","東京都","","","青梅市","おうめし","",""
"13206","東京都","","","府中市","ふちゅうし","",""
"13207","東京都","","","昭島市","あきしまし","2015-12-01","有"
"13208","東京都","","","調布市","ちょうふし","",""
"13209","東京都","","","町田市","まちだし","2020-12-01","有"
"13210","東京都","","","小金井市","こがねいし","",""
"13211","東京都","","","小平市","こだいらし","1973-03-01","有"
"13212","東京都","","","日野市","ひのし","",""
"13213","東京都","","","東村山市","ひがしむらやまし","1985-02-08","有"
"13214","東京都","","","国分寺市","こくぶんじし","",""
"13215","東京都","","","国立市","くにたちし","",""
"13218","東京都","","","福生市","ふっさし","2015-12-01","有"
"13219","東京都","","","狛江市","こまえし","1970-10-01","有"
"13220","東京都","","","東大和市","ひがしやまとし","1970-10-01","有"
"13221","東京都","","","清瀬市","きよせし","1970-10-01","有"
"13222","東京都","","","東久留米市","ひがしくるめし","1985-02-08","有"
"13223","東京都","","","武蔵村山市","むさしむらやまし","1970-11-03","有"
"13224","東京都","","","多摩市","たまし","2002-01-01","有"
"13225","東京都","","","稲城市","いなぎし","1971-11-01","有"
"13227","東京都","","","羽村市","はむらし","1991-11-01","有"
"13228","東京都","","","あきる野市","あきるのし","1995-09-01","有"
"13229","東京都","","","西東京市","にしとうきょうし","2001-01-21","有"
"14100","神奈川県","横浜市","よこはまし","","","1988-06-01","有"
"14130","神奈川県","川崎市","かわさきし","","","1975-02-15","有"
"14150","神奈川県","相模原市","さがみはらし","","","2020-12-01","有"
"14201","神奈川県","","","横須賀市","よこすかし","2001-04-01","有"
"14203","神奈川県","","","平塚市","ひらつかし","2001-04-01","有"
"14204","神奈川県","","","鎌倉市","かまくらし","1972-05-01","有"
"14205","神奈川県","","","藤沢市","ふじさわし","1971-03-25","有"
"14206","神奈川県","","","小田原市","おだわらし","2000-11-01","有"
"14207","神奈川県","","","茅ヶ崎市","ちがさきし","2003-04-01","有"
"14208","神奈川県","","","逗子市","ずしし","1975-02-15","有"
"14210","神奈川県","","","三浦市","みうらし","",""
"14211","神奈川県","","","秦野市","はだのし","1972-02-01","有"
"14212","神奈川県","","","厚木市","あつぎし","2002-04-01","有"
"14213","神奈川県","","","大和市","やまとし","2000-11-01","有"
"14214","神奈川県","","","伊勢原市","いせはらし","1975-05-01","有"
"14215","神奈川県","","","海老名市","えびなし","1982-09-01","有"
"14216","神奈川県","","","座間市","ざまし","1971-11-01","有"
"14217","神奈川県","","","南足柄市","みなみあしがらし","2001-01-10","有"
"14218","神奈川県","","","綾瀬市","あやせし","1982-09-01","有"
"15100","新潟県","新潟市","にいがたし","","","2023-03-11","有"
"15202","新潟県","","","長岡市","ながおかし","2024-01-27","有"
"15204","新潟県","","","三条市","さんじょうし","2011-03-26","有"
"15205","新潟県","","","柏崎市","かしわざきし","2005-05-01","有"
"15206","新潟県","","","新発田市","しばたし","2018-06-09","有"
"15208","新潟県","","","小千谷市","おぢやし","1995-10-25","有"
"15209","新潟県","","","加茂市","かもし","2011-03-26","有"
"15210","新潟県","","","十日町市","とおかまちし","2005-04-01","有"
"15211","新潟県","","","見附市","みつけし","2015-10-01","有"
"15212","新潟県","","","村上市","むらかみし","2010-06-16","有"
"15213","新潟県","","","燕市","つばめし","2024-01-27","有"
"15216","新潟県","","","糸魚川市","いといがわし","2005-03-19","有"
"15217","新潟県","","","妙高市","みょうこうし","2025-02-26","有"
"15218","新潟県","","","五泉市","ごせんし","2016-12-03","有"
"15222","新潟県","","","上越市","じょうえつし","2025-02-26","有"
"15223","新潟県","","","阿賀野市","あがのし","2016-12-03","有"
"15224","新潟県","","","佐渡市","さどし","2004-03-01","有"
"15225","新潟県","","","魚沼市","うおぬまし","2004-11-01","有"
"15226","新潟県","","","南魚沼市","みなみうおぬまし","2005-10-01","有"
"15227","新潟県","","","胎内市","たいないし","2010-06-16","有"
"16201","富山県","","","富山市","とやまし","2005-04-01","有"
"16202","富山県","","","高岡市","たかおかし","2005-11-01","有"
"16204","富山県","","","魚津市","うおづし","1989-06-01","有"
"16205","富山県","","","氷見市","ひみし","",""
"16206","富山県","","","滑川市","なめりかわし","1991-03-25","有"
"16207","富山県","","","黒部市","くろべし","2006-03-31","有"
"16208","富山県","","","砺波市","となみし","2004-11-01","有"
"16209","富山県","","","小矢部市","おやべし","1992-03-01","有"
"16210","富山県","","","南砺市","なんとし","2004-11-01","有"
"16211","富山県","","","射水市","いみずし","2005-11-01","有"
"17201","石川県","","","金沢市","かなざわし","1999-05-01","有"
"17202","石川県","","","七尾市","ななおし","2022-03-01","有"
"17203","石川県","","","小松市","こまつし","2008-09-01","有"
"17204","石川県","","","輪島市","わじまし","2006-02-01","有"
"17205","石川県","","","珠洲市","すずし","",""
"17206","石川県","","","加賀市","かがし","2008-09-01","有"
"17207","石川県","","","羽咋市","はくいし","2006-08-01","有"
"17209","石川県","","","かほく市","かほくし","2014-03-01","有"
"17210","石川県","","","白山市","はくさんし","2013-06-01","有"
"17211","石川県","","","能美市","のみし","2005-02-01","有"
"17212","石川県","","","野々市市","ののいちし","2013-06-01","有"
"18201","福井県","","","福井市","ふくいし","2019-04-01","有"
"18202","福井県","","","敦賀市","つるがし","",""
"18204","福井県","","","小浜市","おばまし","1993-02-04","有"
"18205","福井県","","","大野市","おおのし","2005-11-07","有"
"18206","福井県","","","勝山市","かつやまし","",""
"18207","福井県","","","鯖江市","さばえし","1988-06-01","有"
"18208","福井県","","","あわら市","あわらし","2007-04-03","有"
"18209","福井県","","","越前市","えちぜんし","2005-10-01","有"
"18210","福井県","","","坂井市","さかいし","2017-08-22","有"
"19201","山梨県","","","甲府市","こうふし","2019-04-01","有"
"19202","山梨県","","","富士吉田市","ふじよしだし","",""
"19204","山梨県","","","都留市","つるし","",""
"19205","山梨県","","","山梨市","やまなしし","2005-03-22","有"
"19206","山梨県","","","大月市","おおつきし","",""
"19207","山梨県","","","韮崎市","にらさきし","",""
"19208","山梨県","","","南アルプス市","みなみあるぷすし","2010-07-30","有"
"19209","山梨県","","","北杜市","ほくとし","2006-03-15","有"
"19210","山梨県","","","甲斐市","かいし","2004-09-01","有"
"19211","山梨県","","","笛吹市","ふえふきし","2006-08-01","有"
"19212","山梨県","","","上野原市","うえのはらし","2005-02-13","有"
"19213","山梨県","","","甲州市","こうしゅうし","2005-11-01","有"
"19214","山梨県","","","中央市","ちゅうおうし","2006-02-20","有"
"20201","長野県","","","長野市","ながのし","2010-01-01","有"
"20202","長野県","","","松本市","まつもとし","2021-04-01","有"
"20203","長野県","","","上田市","うえだし","2006-03-06","有"
"20204","長野県","","","岡谷市","おかやし","1983-08-01","有"
"20205","長野県","","","飯田市","いいだし","2005-10-01","有"
"20206","長野県","","","諏訪市","すわし","2009-07-01","有"
"20207","長野県","","","須坂市","すざかし","1971-04-30","有"
"20208","長野県","","","小諸市","こもろし","2013-02-01","有"
"20209","長野県","","","伊那市","いなし","2006-03-31","有"
"20210","長野県","","","駒ヶ根市","こまがねし","",""
"20211","長野県","","","中野市","なかのし","2005-04-01","有"
"20212","長野県","","","大町市","おおまちし","2006-01-01","有"
"20213","長野県","","","飯山市","いいやまし","2000-04-01","有"
"20214","長野県","","","茅野市","ちのし","2009-07-01","有"
"20215","長野県","","","塩尻市","しおじりし","2005-04-01","有"
"20217","長野県","","","佐久市","さくし","2013-02-01","有"
"20218","長野県","","","千曲市","ちくまし","2003-09-01","有"
"20219","長野県","","","東御市","とうみし","2004-04-01","有"
"20220","長野県","","","安曇野市","あづみのし","2005-10-01","有"
"21201","岐阜県","","","岐阜市","ぎふし","2006-01-01","有"
"21202","岐阜県","","","大垣市","おおがきし","2009-10-31","有"
"21203","岐阜県","","","高山市","たかやまし","2005-02-01","有"
"21204","岐阜県","","","多治見市","たじみし","2006-01-23","有"
"21205","岐阜県","","","関市","せきし","2005-02-07","有"
"21206","岐阜県","","","中津川市","なかつがわし","2005-02-13","有"
"21207","岐阜県","","","美濃市","みのし","1987-07-01","有"
"21208","岐阜県","","","瑞浪市","みずなみし","1990-06-01","有"
"21209","岐阜県","","","羽島市","はしまし","1992-11-01","有"
"21210","岐阜県","","","恵那市","えなし","2004-10-25","有"
"21211","岐阜県","","","美濃加茂市","みのかもし","1989-06-01","有"
"21212","岐阜県","","","土岐市","ときし","",""
"21213","岐阜県","","","各務原市","かかみがはらし","2004-11-01","有"
"21214","岐阜県","","","可児市","かにし","2005-05-01","有"
"21215","岐阜県","","","山県市","やまがたし","2003-04-01","有"
"21216","岐阜県","","","瑞穂市","みずほし","2009-10-31","有"
"21217","岐阜県","","","飛騨市","ひだし","2004-02-01","有"
"21218","岐阜県","","","本巣市","もとすし","2004-02-01","有"
"21219","岐阜県","","","郡上市","ぐじょうし","2004-03-01","有"
"21220","岐阜県","","","下呂市","げろし","2004-03-01","有"
"21221","岐阜県","","","海津市","かいづし","2011-12-01","有"
"22100","静岡県","静岡市","しずおかし","","","2005-04-01","有"
"22130","静岡県","浜松市","はままつし","","","2024-01-01","有"
"22203","静岡県","","","沼津市","ぬまづし","2005-04-01","有"
"22205","静岡県","","","熱海市","あたみし","",""
"22206","静岡県","","","三島市","みしまし","2013-12-01","有"
"22207","静岡県","","","富士宮市","ふじのみやし","2010-03-23","有"
"22208","静岡県","","","伊東市","いとうし","",""
"22209","静岡県","","","島田市","しまだし","2008-04-01","有"
"22210","静岡県","","","富士市","ふじし","2008-11-01","有"
"22211","静岡県","","","磐田市","いわたし","2009-02-17","有"
"22212","静岡県","","","焼津市","やいづし","2008-11-01","有"
"22213","静岡県","","","掛川市","かけがわし","2005-04-01","有"
"22214","静岡県","","","藤枝市","ふじえだし","2009-01-01","有"
"22215","静岡県","","","御殿場市","ごてんばし","2004-09-03","有"
"22216","静岡県","","","袋井市","ふくろいし","2009-02-17","有"
"22219","静岡県","","","下田市","しもだし","1971-01-01","有"
"22220","静岡県","","","裾野市","すそのし","1971-01-01","有"
"22221","静岡県","","","湖西市","こさいし","2010-03-23","有"
"22222","静岡県","","","伊豆市","いずし","2004-04-01","有"
"22223","静岡県","","","御前崎市","おまえざきし","2004-04-01","有"
"22224","静岡県","","","菊川市","きくがわし","2005-01-17","有"
"22225","静岡県","","","伊豆の国市","いずのくにし","2005-04-01","有"
"22226","静岡県","","","牧之原市","まきのはらし","2005-10-11","有"
"23100","愛知県","名古屋市","なごやし","","","2003-07-29","有"
"23201","愛知県","","","豊橋市","とよはしし","1999-04-01","有"
"23202","愛知県","","","岡崎市","おかざきし","2006-04-01","有"
"23203","愛知県","","","一宮市","いちのみやし","2021-04-01","有"
"23204","愛知県","","","瀬戸市","せとし","2017-04-01","有"
"23205","愛知県","","","半田市","はんだし","1995-09-01","有"
"23206","愛知県","","","春日井市","かすがいし","2001-04-01","有"
"23207","愛知県","","","豊川市","とよかわし","2010-02-01","有"
"23208","愛知県","","","津島市","つしまし","1996-07-01","有"
"23209","愛知県","","","碧南市","へきなんし","1977-12-01","有"
"23210","愛知県","","","刈谷市","かりやし","1994-05-01","有"
"23211","愛知県","","","豊田市","とよたし","2005-04-01","有"
"23212","愛知県","","","安城市","あんじょうし","2006-04-01","有"
"23213","愛知県","","","西尾市","にしおし","2011-04-01","有"
"23214","愛知県","","","蒲郡市","がまごおりし","1981-01-01","有"
"23215","愛知県","","","犬山市","いぬやまし","1983-03-01","有"
"23216","愛知県","","","常滑市","とこなめし","2000-12-01","有"
"23217","愛知県","","","江南市","こうなんし","2006-04-01","有"
"23219","愛知県","","","小牧市","こまきし","1983-03-01","有"
"23220","愛知県","","","稲沢市","いなざわし","2011-04-01","有"
"23221","愛知県","","","新城市","しんしろし","2005-10-01","有"
"23222","愛知県","","","東海市","とうかいし","2022-04-01","有"
"23223","愛知県","","","大府市","おおぶし","2022-04-01","有"
"23224","愛知県","","","知多市","ちたし","2000-12-01","有"
"23225","愛知県","","","知立市","ちりゅうし","2004-05-01","有"
"23226","愛知県","","","尾張旭市","おわりあさひし","2017-04-01","有"
"23227","愛知県","","","高浜市","たかはまし","1991-01-02","有"
"23228","愛知県","","","岩倉市","いわくらし","1998-10-01","有"
"23229","愛知県","","","豊明市","とよあけし","2007-04-01","有"
"23230","愛知県","","","日進市","にっしんし","1995-09-01","有"
"23231","愛知県","","","田原市","たはらし","2005-10-01","有"
"23232","愛知県","","","愛西市","あいさいし","2005-09-01","有"
"23233","愛知県","","","清須市","きよすし","2011-04-01","有"
"23234","愛知県","","","北名古屋市","きたなごやし","2006-03-20","有"
"23235","愛知県","","","弥富市","やとみし","2006-04-01","有"
"23236","愛知県","","","みよし市","みよしし","2010-01-04","有"
"23237","愛知県","","","あま市","あまし","2010-03-22","有"
"23238","愛知県","","","長久手市","ながくてし","2012-01-04","有"
"24201","三重県","","","津市","つし","2006-01-01","有"
"24202","三重県","","","四日市市","よっかいちし","2005-02-07","有"
"24203","三重県","","","伊勢市","いせし","2006-04-01","有"
"24204","三重県","","","松阪市","まつさかし","2005-01-01","有"
"24205","三重県","","","桑名市","くわなし","2004-12-06","有"
"24207","三重県","","","鈴鹿市","すずかし","1998-10-01","有"
"24208","三重県","","","名張市","なばりし","",""
"24209","三重県","","","尾鷲市","おわせし","",""
"24210","三重県","","","亀山市","かめやまし","2005-01-11","有"
"24211","三重県","","","鳥羽市","とばし","",""
"24212","三重県","","","熊野市","くまのし","2005-11-01","有"
"24214","三重県","","","いなべ市","いなべし","2003-12-01","有"
"24215","三重県","","","志摩市","しまし","2004-10-01","有"
"24216","三重県","","","伊賀市","いがし","2004-11-01","有"
"25201","滋賀県","","","大津市","おおつし","2009-04-01","有"
"25202","滋賀県","","","彦根市","ひこねし","2011-01-07","有"
"25203","滋賀県","","","長浜市","ながはまし","2010-01-01","有"
"25204","滋賀県","","","近江八幡市","おうみはちまんし","2010-03-21","有"
"25206","滋賀県","","","草津市","くさつし","2007-09-28","有"
"25207","滋賀県","","","守山市","もりやまし","2010-07-30","有"
"25208","滋賀県","","","栗東市","りっとうし","2001-10-01","有"
"25209","滋賀県","","","甲賀市","こうかし","2004-10-01","有"
"25210","滋賀県","","","野洲市","やすし","2010-07-30","有"
"25211","滋賀県","","","湖南市","こなんし","2004-10-01","有"
"25212","滋賀県","","","高島市","たかしまし","2007-09-28","有"
"25213","滋賀県","","","東近江市","ひがしおうみし","2007-09-28","有"
"25214","滋賀県","","","米原市","まいばらし","2007-09-28","有"
"26100","京都府","京都市","きょうとし","","","2004-12-20","有"
"26201","京都府","","","福知山市","ふくちやまし","2006-01-01","有"
"26202","京都府","","","舞鶴市","まいづるし","",""
"26203","京都府","","","綾部市","あやべし","1998-03-12","有"
"26204","京都府","","","宇治市","うじし","2004-12-20","有"
"26205","京都府","","","宮津市","みやづし","2025-04-01","有"
"26206","京都府","","","亀岡市","かめおかし","1988-09-01","有"
"26207","京都府","","","城陽市","じょうようし","1972-05-03","有"
"26208","京都府","","","向日市","むこうし","1972-10-01","有"
"26209","京都府","","","長岡京市","ながおかきょうし","1972-10-01","有"
"26210","京都府","","","八幡市","やわたし","1979-02-01","有"
"26211","京都府","","","京田辺市","きょうたなべし","1997-04-01","有"
"26212","京都府","","","京丹後市","きょうたんごし","2004-04-01","有"
"26213","京都府","","","南丹市","なんたんし","2006-01-01","有"
"26214","京都府","","","木津川市","きづがわし","2007-03-12","有"
"27100","大阪府","大阪市","おおさかし","","","1986-05-01","有"
"27140","大阪府","堺市","さかいし","","","2006-04-01","有"
"27202","大阪府","","","岸和田市","きしわだし","2007-08-01","有"
"27203","大阪府","","","豊中市","とよなかし","2012-04-01","有"
"27204","大阪府","","","池田市","いけだし","",""
"27205","大阪府","","","吹田市","すいたし","2020-04-01","有"
"27206","大阪府","","","泉大津市","いずみおおつし","1982-05-01","有"
"27207","大阪府","","","高槻市","たかつきし","2003-04-01","有"
"27208","大阪府","","","貝塚市","かいづかし","2013-07-01","有"
"27209","大阪府","","","守口市","もりぐちし","",""
"27210","大阪府","","","枚方市","ひらかたし","2014-04-01","有"
"27211","大阪府","","","茨木市","いばらきし","2001-04-01","有"
"27212","大阪府","","","八尾市","やおし","2018-04-01","有"
"27213","大阪府","","","泉佐野市","いずみさのし","2002-03-01","有"
"27214","大阪府","","","富田林市","とんだばやしし","2022-12-27","有"
"27215","大阪府","","","寝屋川市","ねやがわし","2019-04-01","有"
"27216","大阪府","","","河内長野市","かわちながのし","",""
"27217","大阪府","","","松原市","まつばらし","1980-02-01","有"
"27218","大阪府","","","大東市","だいとうし","1979-05-01","有"
"27219","大阪府","","","和泉市","いずみし","1989-05-01","有"
"27220","大阪府","","","箕面市","みのおし","1999-02-01","有"
"27221","大阪府","","","柏原市","かしわらし","",""
"27222","大阪府","","","羽曳野市","はびきのし","",""
"27223","大阪府","","","門真市","かどまし","",""
"27224","大阪府","","","摂津市","せっつし","1980-12-01","有"
"27225","大阪府","","","高石市","たかいしし","1983-05-01","有"
"27226","大阪府","","","藤井寺市","ふじいでらし","",""
"27227","大阪府","","","東大阪市","ひがしおおさかし","2005-04-01","有"
"27228","大阪府","","","泉南市","せんなんし","2002-03-01","有"
"27229","大阪府","","","四條畷市","しじょうなわてし","1970-07-01","有"
"27230","大阪府","","","交野市","かたのし","1971-11-03","有"
"27231","大阪府","","","大阪狭山市","おおさかさやまし","2022-12-27","有"
"27232","大阪府","","","阪南市","はんなんし","2002-02-01","有"
"28100","兵庫県","神戸市","こうべし","","","1992-06-01","有"
"28201","兵庫県","","","姫路市","ひめじし","2006-03-27","有"
"28202","兵庫県","","","尼崎市","あまがさきし","2009-04-01","有"
"28203","兵庫県","","","明石市","あかしし","2018-04-01","有"
"28204","兵庫県","","","西宮市","にしのみやし","2008-04-01","有"
"28205","兵庫県","","","洲本市","すもとし","2006-02-11","有"
"28206","兵庫県","","","芦屋市","あしやし","1974-12-01","有"
"28207","兵庫県","","","伊丹市","いたみし","",""
"28208","兵庫県","","","相生市","あいおいし","",""
"28209","兵庫県","","","豊岡市","とよおかし","2005-04-01","有"
"28210","兵庫県","","","加古川市","かこがわし","2002-04-01","有"
"28212","兵庫県","","","赤穂市","あこうし","",""
"28213","兵庫県","","","西脇市","にしわきし","2005-10-01","有"
"28214","兵庫県","","","宝塚市","たからづかし","2003-04-01","有"
"28215","兵庫県","","","三木市","みきし","2005-10-24","有"
"28216","兵庫県","","","高砂市","たかさごし","1981-03-01","有"
"28217","兵庫県","","","川西市","かわにしし","1977-03-01","有"
"28218","兵庫県","","","小野市","おのし","1985-09-01","有"
"28219","兵庫県","","","三田市","さんだし","1981-08-01","有"
"28220","兵庫県","","","加西市","かさいし","1994-12-01","有"
"28221","兵庫県","","","丹波篠山市","たんばささやまし","2019-05-01","有"
"28222","兵庫県","","","養父市","やぶし","2004-04-01","有"
"28223","兵庫県","","","丹波市","たんばし","2004-11-01","有"
"28224","兵庫県","","","南あわじ市","みなみあわじし","2005-01-11","有"
"28225","兵庫県","","","朝来市","あさごし","2005-04-01","有"
"28226","兵庫県","","","淡路市","あわじし","2005-04-01","有"
"28227","兵庫県","","","宍粟市","しそうし","2005-04-01","有"
"28228","兵庫県","","","加東市","かとうし","2006-03-20","有"
"28229","兵庫県","","","たつの市","たつのし","2005-10-01","有"
"29201","奈良県","","","奈良市","ならし","2005-04-01","有"
"29202","奈良県","","","大和高田市","やまとたかだし","",""
"29203","奈良県","","","大和郡山市","やまとこおりやまし","",""
"29204","奈良県","","","天理市","てんりし","",""
"29205","奈良県","","","橿原市","かしはらし","",""
"29206","奈良県","","","桜井市","さくらいし","",""
"29207","奈良県","","","五條市","ごじょうし","2005-09-25","有"
"29208","奈良県","","","御所市","ごせし","1977-04-01","有"
"29209","奈良県","","","生駒市","いこまし","1971-11-01","有"
"29210","奈良県","","","香芝市","かしばし","1991-10-01","有"
"29211","奈良県","","","葛城市","かつらぎし","2004-10-01","有"
"29212","奈良県","","","宇陀市","うだし","2006-01-01","有"
"30201","和歌山県","","","和歌山市","わかやまし","1997-04-01","有"
"30202","和歌山県","","","海南市","かいなんし","2005-04-01","有"
"30203","和歌山県","","","橋本市","はしもとし","2006-03-01","有"
"30204","和歌山県","","","有田市","ありだし","",""
"30205","和歌山県","","","御坊市","ごぼうし","1978-11-01","有"
"30206","和歌山県","","","田辺市","たなべし","2005-05-01","有"
"30207","和歌山県","","","新宮市","しんぐうし","2005-10-01","有"
"30208","和歌山県","","","紀の川市","きのかわし","2005-11-07","有"
"30209","和歌山県","","","岩出市","いわでし","2006-04-01","有"
"31201","鳥取県","","","鳥取市","とっとりし","2018-04-01","有"
"31202","鳥取県","","","米子市","よなごし","2005-03-31","有"
"31203","鳥取県","","","倉吉市","くらよしし","2005-03-22","有"
"31204","鳥取県","","","境港市","さかいみなとし","1992-05-25","有"
"32201","島根県","","","松江市","まつえし","2018-04-01","有"
"32202","島根県","","","浜田市","はまだし","2005-10-01","有"
"32203","島根県","","","出雲市","いずもし","2011-10-01","有"
"32204","島根県","","","益田市","ますだし","2004-11-01","有"
"32205","島根県","","","大田市","おおだし","2005-10-01","有"
"32206","島根県","","","安来市","やすぎし","2004-10-01","有"
"32207","島根県","","","江津市","ごうつし","2004-10-01","有"
"32209","島根県","","","雲南市","うんなんし","2004-11-01","有"
"33100","岡山県","岡山市","おかやまし","","","2009-04-01","有"
"33202","岡山県","","","倉敷市","くらしきし","2005-08-01","有"
"33203","岡山県","","","津山市","つやまし","2005-02-28","有"
"33204","岡山県","","","玉野市","たまのし","1974-03-20","有"
"33205","岡山県","","","笠岡市","かさおかし","",""
"33207","岡山県","","","井原市","いばらし","2005-03-01","有"
"33208","岡山県","","","総社市","そうじゃし","2005-03-22","有"
"33209","岡山県","","","高梁市","たかはしし","2004-10-01","有"
"33210","岡山県","","","新見市","にいみし","2005-03-31","有"
"33211","岡山県","","","備前市","びぜんし","2005-03-22","有"
"33212","岡山県","","","瀬戸内市","せとうちし","2004-11-01","有"
"33213","岡山県","","","赤磐市","あかいわし","2005-03-07","有"
"33214","岡山県","","","真庭市","まにわし","2005-03-31","有"
"33215","岡山県","","","美作市","みまさかし","2005-03-31","有"
"33216","岡山県","","","浅口市","あさくちし","2006-03-21","有"
"34100","広島県","広島市","ひろしまし","","","1994-10-24","有"
"34202","広島県","","","呉市","くれし","2016-04-01","有"
"34203","広島県","","","竹原市","たけはらし","",""
"34204","広島県","","","三原市","みはらし","2005-03-22","有"
"34205","広島県","","","尾道市","おのみちし","2006-01-10","有"
"34207","広島県","","","福山市","ふくやまし","2006-03-01","有"
"34208","広島県","","","府中市","ふちゅうし","2004-04-01","有"
"34209","広島県","","","三次市","みよしし","2004-04-01","有"
"34210","広島県","","","庄原市","しょうばらし","2005-03-31","有"
"34211","広島県","","","大竹市","おおたけし","1983-06-01","有"
"34212","広島県","","","東広島市","ひがしひろしまし","2005-02-07","有"
"34213","広島県","","","廿日市市","はつかいちし","2005-11-03","有"
"34214","広島県","","","安芸高田市","あきたかたし","2004-03-01","有"
"34215","広島県","","","江田島市","えたじまし","2004-11-01","有"
"35201","山口県","","","下関市","しものせきし","2005-10-01","有"
"35202","山口県","","","宇部市","うべし","2004-11-01","有"
"35203","山口県","","","山口市","やまぐちし","2010-01-16","有"
"35204","山口県","","","萩市","はぎし","2005-03-06","有"
"35206","山口県","","","防府市","ほうふし","",""
"35207","山口県","","","下松市","くだまつし","",""
"35208","山口県","","","岩国市","いわくにし","2006-03-20","有"
"35210","山口県","","","光市","ひかりし","2004-10-04","有"
"35211","山口県","","","長門市","ながとし","2005-03-22","有"
"35212","山口県","","","柳井市","やないし","2005-02-21","有"
"35213","山口県","","","美祢市","みねし","2008-03-21","有"
"35215","山口県","","","周南市","しゅうなんし","2003-04-21","有"
"35216","山口県","","","山陽小野田市","さんようおのだし","2005-03-22","有"
"36201","徳島県","","","徳島市","とくしまし","1983-02-28","有"
"36202","徳島県","","","鳴門市","なるとし","",""
"36203","徳島県","","","小松島市","こまつしまし","1996-11-26","有"
"36204","徳島県","","","阿南市","あなんし","2006-03-20","有"
"36205","徳島県","","","吉野川市","よしのがわし","2004-10-01","有"
"36206","徳島県","","","阿波市","あわし","2005-04-01","有"
"36207","徳島県","","","美馬市","みまし","2005-03-01","有"
"36208","徳島県","","","三好市","みよしし","2006-03-01","有"
"37201","香川県","","","高松市","たかまつし","2006-01-10","有"
"37202","香川県","","","丸亀市","まるがめし","2005-03-22","有"
"37203","香川県","","","坂出市","さかいでし","",""
"37204","香川県","","","善通寺市","ぜんつうじし","",""
"37205","香川県","","","観音寺市","かんおんじし","2005-10-11","有"
"37206","香川県","","","さぬき市","さぬきし","2002-04-01","有"
"37207","香川県","","","東かがわ市","ひがしかがわし","2003-04-01","有"
"37208","香川県","","","三豊市","みとよし","2006-01-01","有"
"38201","愛媛県","","","松山市","まつやまし","2005-01-01","有"
"38202","愛媛県","","","今治市","いまばりし","2005-01-16","有"
"38203","愛媛県","","","宇和島市","うわじまし","2005-08-01","有"
"38204","愛媛県","","","八幡浜市","やわたはまし","2005-03-28","有"
"38205","愛媛県","","","新居浜市","にいはまし","2003-04-01","有"
"38206","愛媛県","","","西条市","さいじょうし","2004-11-01","有"
"38207","愛媛県","","","大洲市","おおずし","2005-01-11","有"
"38210","愛媛県","","","伊予市","いよし","2005-04-01","有"
"38213","愛媛県","","","四国中央市","しこくちゅうおうし","2004-04-01","有"
"38214","愛媛県","","","西予市","せいよし","2004-04-01","有"
"38215","愛媛県","","","東温市","とうおんし","2004-09-21","有"
"39201","高知県","","","高知市","こうちし","2008-01-01","有"
"39202","高知県","","","室戸市","むろとし","1988-09-24","有"
"39203","高知県","","","安芸市","あきし","2002-05-21","有"
"39204","高知県","","","南国市","なんこくし","2010-04-01","有"
"39205","高知県","","","土佐市","とさし","",""
"39206","高知県","","","須崎市","すさきし","",""
"39208","高知県","","","宿毛市","すくもし","1976-01-01","有"
"39209","高知県","","","土佐清水市","とさしみずし","",""
"39210","高知県","","","四万十市","しまんとし","2005-04-10","有"
"39211","高知県","","","香南市","こうなんし","2006-03-01","有"
"39212","高知県","","","香美市","かみし","2010-04-01","有"
"40100","福岡県","北九州市","きたきゅうしゅうし","","","2008-10-01","有"
"40130","福岡県","福岡市","ふくおかし","","","1998-01-01","有"
"40202","福岡県","","","大牟田市","おおむたし","1999-07-16","有"
"40203","福岡県","","","久留米市","くるめし","2008-04-01","有"
"40204","福岡県","","","直方市","のおがたし","2013-10-01","有"
"40205","福岡県","","","飯塚市","いいづかし","2009-12-16","有"
"40206","福岡県","","","田川市","たがわし","1992-09-04","有"
"40207","福岡県","","","柳川市","やながわし","2005-03-21","有"
"40210","福岡県","","","八女市","やめし","2010-02-01","有"
"40211","福岡県","","","筑後市","ちくごし","2003-02-14","有"
"40212","福岡県","","","大川市","おおかわし","2000-03-10","有"
"40213","福岡県","","","行橋市","ゆくはしし","1997-06-24","有"
"40214","福岡県","","","豊前市","ぶぜんし","2014-02-12","有"
"40215","福岡県","","","中間市","なかまし","2004-08-23","有"
"40216","福岡県","","","小郡市","おごおりし","2003-02-14","有"
"40217","福岡県","","","筑紫野市","ちくしのし","1998-09-24","有"
"40218","福岡県","","","春日市","かすがし","2011-03-01","有"
"40219","福岡県","","","大野城市","おおのじょうし","2011-03-01","有"
"40220","福岡県","","","宗像市","むなかたし","2005-03-28","有"
"40221","福岡県","","","太宰府市","だざいふし","1982-04-01","有"
"40223","福岡県","","","古賀市","こがし","1997-10-01","有"
"40224","福岡県","","","福津市","ふくつし","2005-01-24","有"
"40225","福岡県","","","うきは市","うきはし","2005-03-20","有"
"40226","福岡県","","","宮若市","みやわかし","2013-10-01","有"
"40227","福岡県","","","嘉麻市","かまし","2006-03-27","有"
"40228","福岡県","","","朝倉市","あさくらし","2006-03-20","有"
"40229","福岡県","","","みやま市","みやまし","2007-01-29","有"
"40230","福岡県","","","糸島市","いとしまし","2010-01-01","有"
"40231","福岡県","","","那珂川市","なかがわし","2018-10-01","有"
"41201","佐賀県","","","佐賀市","さがし","2014-04-01","有"
"41202","佐賀県","","","唐津市","からつし","2006-01-01","有"
"41203","佐賀県","","","鳥栖市","とすし","2002-05-17","有"
"41204","佐賀県","","","多久市","たくし","2020-11-06","有"
"41205","佐賀県","","","伊万里市","いまりし","",""
"41206","佐賀県","","","武雄市","たけおし","2006-03-01","有"
"41207","佐賀県","","","鹿島市","かしまし","1988-06-01","有"
"41208","佐賀県","","","小城市","おぎし","2005-03-01","有"
"41209","佐賀県","","","嬉野市","うれしのし","2006-01-01","有"
"41210","佐賀県","","","神埼市","かんざきし","2006-03-20","有"
"42201","長崎県","","","長崎市","ながさきし","2006-01-04","有"
"42202","長崎県","","","佐世保市","させぼし","2016-04-01","有"
"42203","長崎県","","","島原市","しまばらし","2006-01-01","有"
"42204","長崎県","","","諫早市","いさはやし","2012-06-08","有"
"42205","長崎県","","","大村市","おおむらし","",""
"42207","長崎県","","","平戸市","ひらどし","2005-10-01","有"
"42208","長崎県","","","松浦市","まつうらし","2006-01-01","有"
"42209","長崎県","","","対馬市","つしまし","2004-03-01","有"
"42210","長崎県","","","壱岐市","いきし","2004-03-01","有"
"42211","長崎県","","","五島市","ごとうし","2004-08-01","有"
"42212","長崎県","","","西海市","さいかいし","2005-04-01","有"
"42213","長崎県","","","雲仙市","うんぜんし","2023-12-27","有"
"42214","長崎県","","","南島原市","みなみしまばらし","2023-12-27","有"
"43100","熊本県","熊本市","くまもとし","","","2014-09-01","有"
"43202","熊本県","","","八代市","やつしろし","2005-08-01","有"
"43203","熊本県","","","人吉市","ひとよしし","2005-03-01","有"
"43204","熊本県","","","荒尾市","あらおし","2000-09-01","有"
"43205","熊本県","","","水俣市","みなまたし","",""
"43206","熊本県","","","玉名市","たまなし","2005-10-03","有"
"43208","熊本県","","","山鹿市","やまがし","2005-01-15","有"
"43210","熊本県","","","菊池市","きくちし","2014-09-01","有"
"43211","熊本県","","","宇土市","うとし","1975-08-01","有"
"43212","熊本県","","","上天草市","かみあまくさし","2004-03-31","有"
"43213","熊本県","","","宇城市","うきし","2005-01-15","有"
"43214","熊本県","","","阿蘇市","あそし","2005-02-11","有"
"43215","熊本県","","","天草市","あまくさし","2006-03-27","有"
"43216","熊本県","","","合志市","こうしし","2006-02-27","有"
"44201","大分県","","","大分市","おおいたし","2005-01-01","有"
"44202","大分県","","","別府市","べっぷし","",""
"44203","大分県","","","中津市","なかつし","2012-01-25","有"
"44204","大分県","","","日田市","ひたし","2005-03-22","有"
"44205","大分県","","","佐伯市","さいきし","2005-03-03","有"
"44206","大分県","","","臼杵市","うすきし","2005-01-01","有"
"44207","大分県","","","津久見市","つくみし","",""
"44208","大分県","","","竹田市","たけたし","2020-03-18","有"
"44209","大分県","","","豊後高田市","ぶんごたかだし","2005-03-31","有"
"44210","大分県","","","杵築市","きつきし","2010-10-06","有"
"44211","大分県","","","宇佐市","うさし","2006-05-20","有"
"44212","大分県","","","豊後大野市","ぶんごおおのし","2020-03-18","有"
"44213","大分県","","","由布市","ゆふし","2005-10-01","有"
"44214","大分県","","","国東市","くにさきし","2006-03-31","有"
"45201","宮崎県","","","宮崎市","みやざきし","2010-03-23","有"
"45202","宮崎県","","","都城市","みやこのじょうし","2007-03-26","有"
"45203","宮崎県","","","延岡市","のべおかし","2007-03-31","有"
"45204","宮崎県","","","日南市","にちなんし","2009-03-30","有"
"45205","宮崎県","","","小林市","こばやしし","2011-01-07","有"
"45206","宮崎県","","","日向市","ひゅうがし","2006-02-25","有"
"45207","宮崎県","","","串間市","くしまし","",""
"45208","宮崎県","","","西都市","さいとし","2005-08-19","有"
"45209","宮崎県","","","えびの市","えびのし","2000-05-15","有"
"46201","鹿児島県","","","鹿児島市","かごしまし","2004-11-01","有"
"46203","鹿児島県","","","鹿屋市","かのやし","2008-12-20","有"
"46204","鹿児島県","","","枕崎市","まくらざきし","1991-11-19","有"
"46206","鹿児島県","","","阿久根市","あくねし","1980-09-01","有"
"46208","鹿児島県","","","出水市","いずみし","2006-03-13","有"
"46210","鹿児島県","","","指宿市","いぶすきし","2006-01-01","有"
"46213","鹿児島県","","","西之表市","にしのおもてし","1988-02-25","有"
"46214","鹿児島県","","","垂水市","たるみずし","",""
"46215","鹿児島県","","","薩摩川内市","さつませんだいし","2004-10-12","有"
"46216","鹿児島県","","","日置市","ひおきし","2005-05-01","有"
"46217","鹿児島県","","","曽於市","そおし","2018-10-05","有"
"46218","鹿児島県","","","霧島市","きりしまし","2018-10-05","有"
"46219","鹿児島県","","","いちき串木野市","いちきくしきのし","2005-10-11","有"
"46220","鹿児島県","","","南さつま市","みなみさつまし","2005-11-07","有"
"46221","鹿児島県","","","志布志市","しぶしし","2012-02-21","有"
"46222","鹿児島県","","","奄美市","あまみし","2009-10-19","有"
"46223","鹿児島県","","","南九州市","みなみきゅうしゅうし","2007-12-01","有"
"46224","鹿児島県","","","伊佐市","いさし","2008-11-01","有"
"46225","鹿児島県","","","姶良市","あいらし","2010-03-23","有"
"47201","沖縄県","","","那覇市","なはし","2017-03-09","有"
"47205","沖縄県","","","宜野湾市","ぎのわんし","1978-06-01","有"
"47207","沖縄県","","","石垣市","いしがきし","1972-05-15",""
"47208","沖縄県","","","浦添市","うらそえし","1978-06-01","有"
"47209","沖縄県","","","名護市","なごし","2023-06-30","有"
"47210","沖縄県","","","糸満市","いとまんし","2018-03-28","有"
"47211","沖縄県","","","沖縄市","おきなわし","1983-03-26","有"
"47212","沖縄県","","","豊見城市","とみぐすくし","2018-03-28","有"
"47213","沖縄県","","","うるま市","うるまし","2005-04-01","有"
"47214","沖縄県","","","宮古島市","みやこじまし","2005-10-01","有"
"47215","沖縄県","","","南城市","なんじょうし","2006-01-01","有"
